{"cameraMode":{"drawMode":0,"name":"Shaded","section":"Shading Mode"},"sceneLighting":false,"audioPlay":false,"sceneViewState":{"showFog":true,"showMaterialUpdate":false,"showSkybox":false,"showFlares":true,"showImageEffects":true,"showParticleSystems":true},"in2DMode":false,"pivot":{"x":5.843837261199951,"y":6.162724018096924,"z":-16.17119598388672},"rotation":{"x":-0.17000262439250947,"y":-0.043727222830057147,"z":0.007551492657512426,"w":-0.9844560623168945},"size":10.0,"orthographic":false}