{"cameraMode":{"drawMode":0,"name":"Shaded","section":"Shading Mode"},"sceneLighting":false,"audioPlay":false,"sceneViewState":{"showFog":true,"showMaterialUpdate":false,"showSkybox":false,"showFlares":true,"showImageEffects":true,"showParticleSystems":true},"in2DMode":false,"pivot":{"x":0.34692567586898806,"y":0.8371434211730957,"z":-0.934999942779541},"rotation":{"x":-0.17000262439250947,"y":-0.043727222830057147,"z":0.007551492657512426,"w":-0.9844560623168945},"size":0.13645362854003907,"orthographic":false}