{"cameraMode":{"drawMode":0,"name":"Shaded","section":"Shading Mode"},"sceneLighting":false,"audioPlay":false,"sceneViewState":{"showFog":true,"showMaterialUpdate":false,"showSkybox":false,"showFlares":true,"showImageEffects":true,"showParticleSystems":true},"in2DMode":false,"pivot":{"x":-2.717085838317871,"y":-2.6149349212646486,"z":0.36293983459472659},"rotation":{"x":-0.2869053781032562,"y":0.7034333348274231,"z":-0.3852081596851349,"w":-0.523944616317749},"size":6.7434492111206059,"orthographic":false}