{"cameraMode":{"drawMode":0,"name":"Shaded","section":"Shading Mode"},"sceneLighting":false,"audioPlay":false,"sceneViewState":{"showFog":true,"showMaterialUpdate":false,"showSkybox":false,"showFlares":true,"showImageEffects":true,"showParticleSystems":true},"in2DMode":false,"pivot":{"x":0.27057406306266787,"y":0.9900498986244202,"z":-1.3904222249984742},"rotation":{"x":0.10250091552734375,"y":-0.12501783668994904,"z":0.01296945009380579,"w":0.9867852330207825},"size":0.16789551079273225,"orthographic":false}