{"cameraMode":{"drawMode":0,"name":"Shaded","section":"Shading Mode"},"sceneLighting":false,"audioPlay":false,"sceneViewState":{"showFog":true,"showMaterialUpdate":false,"showSkybox":false,"showFlares":true,"showImageEffects":true,"showParticleSystems":true},"in2DMode":false,"pivot":{"x":9.029999732971192,"y":8.350000381469727,"z":-10.852499961853028},"rotation":{"x":0.01930854097008705,"y":-0.9593055248260498,"z":0.06774620711803436,"w":0.2735457122325897},"size":10.0,"orthographic":false}