{"cameraMode":{"drawMode":0,"name":"Shaded","section":"Shading Mode"},"sceneLighting":false,"audioPlay":false,"sceneViewState":{"showFog":true,"showMaterialUpdate":false,"showSkybox":false,"showFlares":true,"showImageEffects":true,"showParticleSystems":true},"in2DMode":false,"pivot":{"x":0.800000011920929,"y":0.7900000214576721,"z":0.699999988079071},"rotation":{"x":-0.020847605541348459,"y":0.8273101449012756,"z":-0.5605460405349731,"w":-0.030781632289290429},"size":14.2210054397583,"orthographic":false}