{"cameraMode":{"drawMode":0,"name":"Shaded","section":"Shading Mode"},"sceneLighting":false,"audioPlay":false,"sceneViewState":{"showFog":true,"showMaterialUpdate":false,"showSkybox":false,"showFlares":true,"showImageEffects":true,"showParticleSystems":true},"in2DMode":false,"pivot":{"x":7.368223667144775,"y":8.175323486328125,"z":-3.536771297454834},"rotation":{"x":0.0025228282902389766,"y":0.9797345399856567,"z":-0.1999390572309494,"w":0.012360296212136746},"size":10.0,"orthographic":false}